{
  "last_sell": 1781912592.9656637,
  "last_buy": 1781851975.2108474
}