{
  "last_sell": 1782611614.18503,
  "last_buy": 1781851975.2108474
}