{
  "last_sell": 1782626838.156734,
  "last_buy": 1781851975.2108474
}