{
  "last_sell": 1782025242.5163298,
  "last_buy": 1781851975.2108474
}