{
  "last_sell": 1782052962.2605855,
  "last_buy": 1781851975.2108474
}