{
  "last_sell": 1782665563.4979305,
  "last_buy": 1781851975.2108474
}