{
  "last_sell": 1782690514.4977815,
  "last_buy": 1781851975.2108474
}