{
  "last_sell": 1781968284.1133225,
  "last_buy": 1781851975.2108474
}