{
  "last_sell": 1782798722.2879531,
  "last_buy": 1781851975.2108474
}