{
  "last_sell": 1781935604.2205806,
  "last_buy": 1781851975.2108474
}