{
  "last_sell": 1781899923.0832381,
  "last_buy": 1781851975.2108474
}