{
  "last_sell": 1782579667.9748454,
  "last_buy": 1781851975.2108474
}