{
  "last_sell": 1782161216.7940602,
  "last_buy": 1781851975.2108474
}