{
  "last_sell": 1782290708.044362,
  "last_buy": 1781851975.2108474
}