{
  "last_sell": 1782421701.386267,
  "last_buy": 1781851975.2108474
}