{
  "last_sell": 1782516034.5484498,
  "last_buy": 1781851975.2108474
}