{
  "last_sell": 1782716000.7173133,
  "last_buy": 1781851975.2108474
}