{
  "last_sell": 1782007361.760184,
  "last_buy": 1781851975.2108474
}