{
  "last_sell": 1782683072.487809,
  "last_buy": 1781851975.2108474
}