{
  "last_sell": 1782679083.9628503,
  "last_buy": 1781851975.2108474
}