{
  "last_sell": 1782408302.7731247,
  "last_buy": 1781851975.2108474
}