{
  "last_sell": 1782369145.998494,
  "last_buy": 1781851975.2108474
}