{
  "last_sell": 1782951485.538753,
  "last_buy": 1783103919.3621523
}