{
  "last_sell": 1781993561.0425124,
  "last_buy": 1781851975.2108474
}