{
  "last_sell": 1782860388.9034326,
  "last_buy": 1781851975.2108474
}