{
  "last_sell": 1782494338.6161914,
  "last_buy": 1781851975.2108474
}