{
  "last_sell": 1782167222.6401095,
  "last_buy": 1781851975.2108474
}