{
  "last_sell": 1782316840.6967964,
  "last_buy": 1781851975.2108474
}