{
  "last_sell": 1782638989.9579165,
  "last_buy": 1781851975.2108474
}