{
  "last_sell": 1782038267.969066,
  "last_buy": 1781851975.2108474
}