{
  "last_sell": 1782951485.538753,
  "last_buy": 1783763591.4245641
}