{
  "last_sell": 1782951485.538753,
  "last_buy": 1784133705.1705732
}