{
  "last_sell": 1782951485.538753,
  "last_buy": 1784589378.4315195
}