{
  "last_sell": 1782555612.0074022,
  "last_buy": 1781851975.2108474
}