{
  "last_sell": 1782331255.49275,
  "last_buy": 1781851975.2108474
}