{
  "last_sell": 1782951485.538753,
  "last_buy": 1783418582.1584277
}