{
  "last_sell": 1782523554.631773,
  "last_buy": 1781851975.2108474
}