{
  "last_sell": 1782400589.5875864,
  "last_buy": 1781851975.2108474
}