{
  "last_sell": 1782324202.1364546,
  "last_buy": 1781851975.2108474
}