{
  "last_sell": 1781948119.8076832,
  "last_buy": 1781851975.2108474
}