{
  "last_sell": 1782341473.3837564,
  "last_buy": 1781851975.2108474
}