{
  "last_sell": 1782575678.1806517,
  "last_buy": 1781851975.2108474
}