{
  "last_sell": 1782381351.860354,
  "last_buy": 1781851975.2108474
}