{
  "last_sell": 1782480037.4613209,
  "last_buy": 1781851975.2108474
}