{
  "last_sell": 1782645692.608043,
  "last_buy": 1781851975.2108474
}