{
  "last_sell": 1782895601.1818752,
  "last_buy": 1781851975.2108474
}