{
  "last_sell": 1782217351.6476812,
  "last_buy": 1781851975.2108474
}