{
  "last_sell": 1782733943.3037267,
  "last_buy": 1781851975.2108474
}