{
  "last_sell": 1782951485.538753,
  "last_buy": 1783228554.4444623
}