{
  "last_sell": 1782308368.5315733,
  "last_buy": 1781851975.2108474
}