{
  "last_sell": 1782951485.538753,
  "last_buy": 1783642136.0235624
}