{
  "last_sell": 1781955129.5609024,
  "last_buy": 1781851975.2108474
}