{
  "last_sell": 1782447304.8645513,
  "last_buy": 1781851975.2108474
}