{
  "last_sell": 1781887449.8567889,
  "last_buy": 1781851975.2108474
}