{
  "last_sell": 1784819312.5188081,
  "last_buy": 1784842861.982048
}