{
  "last_sell": 1782951485.538753,
  "last_buy": 1783890734.9756708
}