{
  "last_sell": 1781878901.0935757,
  "last_buy": 1781851975.2108474
}