{
  "last_sell": 1782080429.8760576,
  "last_buy": 1781851975.2108474
}