{
  "last_sell": 1782656910.788005,
  "last_buy": 1781851975.2108474
}