{
  "last_sell": 1782674175.895656,
  "last_buy": 1781851975.2108474
}