{
  "last_sell": 1782547565.0882308,
  "last_buy": 1781851975.2108474
}