{
  "last_sell": 1782389651.2984402,
  "last_buy": 1781851975.2108474
}