{
  "last_sell": 1781867466.6511264,
  "last_buy": 1781851975.2108474
}