{
  "last_sell": 1782603830.663264,
  "last_buy": 1781851975.2108474
}