{
  "last_sell": 1782537060.1283498,
  "last_buy": 1781851975.2108474
}