{
  "last_sell": 1782583941.42639,
  "last_buy": 1781851975.2108474
}