{
  "last_sell": 1782172217.076047,
  "last_buy": 1781851975.2108474
}