{
  "last_sell": 1781985031.8066947,
  "last_buy": 1781851975.2108474
}