{
  "last_sell": 1782864872.6007597,
  "last_buy": 1781851975.2108474
}