{
  "last_sell": 1782511573.4587429,
  "last_buy": 1781851975.2108474
}