{
  "last_sell": 1781998599.4438784,
  "last_buy": 1781851975.2108474
}