{
  "last_sell": 1784819312.5188081,
  "last_buy": 1784835529.432599
}