{
  "last_sell": 1782560957.3718708,
  "last_buy": 1781851975.2108474
}