{
  "last_sell": 1782835581.870775,
  "last_buy": 1781851975.2108474
}