{
  "last_sell": 1782345247.098795,
  "last_buy": 1781851975.2108474
}