{
  "last_sell": 1782242767.0940504,
  "last_buy": 1781851975.2108474
}