{
  "last_sell": 1782951485.538753,
  "last_buy": 1784127881.0148172
}