{
  "last_sell": 1782415354.6594586,
  "last_buy": 1781851975.2108474
}