{
  "last_sell": 1782235608.8625503,
  "last_buy": 1781851975.2108474
}