{
  "last_sell": 1782228522.7419093,
  "last_buy": 1781851975.2108474
}