{
  "last_sell": 1782431980.5166569,
  "last_buy": 1781851975.2108474
}