{
  "last_sell": 1782951485.538753,
  "last_buy": 1784506075.351752
}