{
  "last_sell": 1782571594.9467556,
  "last_buy": 1781851975.2108474
}