{
  "last_sell": 1782842901.9452462,
  "last_buy": 1781851975.2108474
}