{
  "last_sell": 1781989117.037625,
  "last_buy": 1781851975.2108474
}