{
  "last_sell": 1782427430.2208374,
  "last_buy": 1781851975.2108474
}