{
  "last_sell": 1782881708.7126987,
  "last_buy": 1781851975.2108474
}