{
  "last_sell": 1782856146.193583,
  "last_buy": 1781851975.2108474
}