{
  "last_sell": 1782650974.0502107,
  "last_buy": 1781851975.2108474
}