{
  "last_sell": 1782951485.538753,
  "last_buy": 1783697482.4084752
}