{
  "last_sell": 1782826086.9544244,
  "last_buy": 1781851975.2108474
}