{
  "last_sell": 1782044901.7644615,
  "last_buy": 1781851975.2108474
}