{
  "last_sell": 1782661881.3119428,
  "last_buy": 1781851975.2108474
}