{
  "last_sell": 1782565169.3189518,
  "last_buy": 1781851975.2108474
}