{
  "last_sell": 1781851975.2108474,
  "last_buy": 1781851975.2108474
}