{
  "last_sell": 1782207012.6922915,
  "last_buy": 1781851975.2108474
}