{
  "last_sell": 1782472339.6131496,
  "last_buy": 1781851975.2108474
}