{
  "last_sell": 1782300738.8367631,
  "last_buy": 1781851975.2108474
}