{
  "last_sell": 1782746509.072607,
  "last_buy": 1781851975.2108474
}