{
  "last_sell": 1782906377.6900394,
  "last_buy": 1781851975.2108474
}