{
  "last_sell": 1782951485.538753,
  "last_buy": 1784008388.2062192
}