{
  "last_sell": 1782589499.603498,
  "last_buy": 1781851975.2108474
}