{
  "last_sell": 1782461052.015457,
  "last_buy": 1781851975.2108474
}