{
  "last_sell": 1782951485.538753,
  "last_buy": 1783061422.6050715
}