{
  "last_sell": 1782501036.2216318,
  "last_buy": 1781851975.2108474
}