{
  "last_sell": 1782179448.0778086,
  "last_buy": 1781851975.2108474
}