{
  "last_sell": 1781974248.3849707,
  "last_buy": 1781851975.2108474
}