{
  "last_sell": 1782951485.538753,
  "last_buy": 1784469838.916115
}