{
  "last_sell": 1782507295.1964602,
  "last_buy": 1781851975.2108474
}