{
  "last_sell": 1781893462.1054893,
  "last_buy": 1781851975.2108474
}