{
  "last_sell": 1782951485.538753,
  "last_buy": 1783521583.0950997
}