{
  "last_sell": 1782669392.2688522,
  "last_buy": 1781851975.2108474
}