{
  "last_sell": 1782850602.5665922,
  "last_buy": 1781851975.2108474
}