{
  "last_sell": 1782488013.30614,
  "last_buy": 1781851975.2108474
}