{
  "last_sell": 1781920349.4655716,
  "last_buy": 1781851975.2108474
}