{
  "last_sell": 1782337130.3056407,
  "last_buy": 1781851975.2108474
}