{
  "last_sell": 1782596705.07587,
  "last_buy": 1781851975.2108474
}