{
  "last_sell": 1781960899.8499804,
  "last_buy": 1781851975.2108474
}