{
  "last_sell": 1781978560.6351366,
  "last_buy": 1781851975.2108474
}