{
  "last_sell": 1782686694.5447695,
  "last_buy": 1781851975.2108474
}