{
  "last_sell": 1782809371.4479184,
  "last_buy": 1781851975.2108474
}