{
  "last_sell": 1782951485.538753,
  "last_buy": 1784319244.5989892
}